{"jsondatastring":["{\"_buildObjectDataWrapper\":[{\"position\":{\"x\":23.731201171875,\"y\":2.243896484375,\"z\":-52.08974075317383},\"rotation\":{\"x\":0.0,\"y\":0.0,\"z\":0.0,\"w\":1.0},\"name\":\"Box\",\"hp\":1000.0,\"itemcode\":1},{\"position\":{\"x\":25.918701171875,\"y\":2.4444580078125,\"z\":-49.868629455566409},\"rotation\":{\"x\":0.0,\"y\":0.0,\"z\":0.0,\"w\":1.0},\"name\":\"Barrigate\",\"hp\":1000.0,\"itemcode\":0}]}"]}