{"objects":[{"position":{"x":23.11328125,"y":2.4444580078125,"z":-51.53334426879883},"rotation":{"x":0.0,"y":0.0,"z":0.0,"w":1.0},"name":"Barrigate","hp":1000.0,"itemcode":0},{"position":{"x":24.002685546875,"y":2.243896484375,"z":-48.74114990234375},"rotation":{"x":0.0,"y":0.0,"z":0.0,"w":1.0},"name":"Box","hp":1000.0,"itemcode":1},{"position":{"x":25.895263671875,"y":2.243896484375,"z":-48.0420036315918},"rotation":{"x":0.0,"y":0.0,"z":0.0,"w":1.0},"name":"Box","hp":1000.0,"itemcode":1},{"position":{"x":23.539306640625,"y":2.4444580078125,"z":-52.915008544921878},"rotation":{"x":0.0,"y":0.0,"z":0.0,"w":1.0},"name":"Barrigate","hp":1000.0,"itemcode":0}]}