{"jsondatastring":["{\"objects\":[{\"position\":{\"x\":23.679931640625,\"y\":2.4444580078125,\"z\":-48.9144172668457},\"rotation\":{\"x\":0.0,\"y\":0.0,\"z\":0.0,\"w\":1.0},\"name\":\"Barrigate\",\"hp\":1000.0,\"itemcode\":0},{\"position\":{\"x\":24.32568359375,\"y\":2.4444580078125,\"z\":-50.986366271972659},\"rotation\":{\"x\":0.0,\"y\":0.0,\"z\":0.0,\"w\":1.0},\"name\":\"Barrigate\",\"hp\":1000.0,\"itemcode\":0}]}"]}