{"_buildObjcetDataWrapper":{"objects":[{"position":{"x":23.443603515625,"y":2.4444580078125,"z":-50.74832534790039},"rotation":{"x":0.0,"y":0.0,"z":0.0,"w":1.0},"name":"Barrigate","hp":1000.0,"itemcode":0},{"position":{"x":23.854736328125,"y":2.243896484375,"z":-51.99591827392578},"rotation":{"x":0.0,"y":0.0,"z":0.0,"w":1.0},"name":"Box","hp":1000.0,"itemcode":1},{"position":{"x":21.1142578125,"y":2.243896484375,"z":-52.671287536621097},"rotation":{"x":0.0,"y":0.0,"z":0.0,"w":1.0},"name":"Box","hp":1000.0,"itemcode":1}]}}